Student ID,Name,Age,Grade
100,John Smith,14,10
101,Jane Doe,15,11
102,Michael Johnson,16,12
103,Emily Wilson,17,9
104,David Lee,18,10
105,Sarah Brown,13,11
106,William Taylor,14,12
107,Olivia Miller,15,9
108,James Anderson,16,10
109,Sophia Martinez,17,11
110,Ethan Hernandez,18,12
111,Ava Davis,13,9
112,Isabella Rodriguez,14,10
113,Noah Moore,15,11
114,Liam Walker,16,12
115,Emma Perez,17,9
116,Mia Lewis,18,10
117,Oliver Jackson,13,11
118,Elijah Hall,14,12
119,Alexander White,15,9
120,Grace Harris,16,10
121,Abigail Clark,17,11
122,Ella King,18,12
123,Lucas Young,13,9
124,Matthew Allen,14,10
125,Daniel Wright,15,11
126,William Scott,16,12
127,Liam Phillips,17,9
128,Mason Turner,18,10
129,James Martin,13,11
130,Benjamin Hill,14,12
131,Henry Adams,15,9
132,Sebastian Green,16,10
133,Emma Baker,17,11
134,Olivia Nelson,18,12
135,Isabella Edwards,13,9
136,Sophia Evans,14,10
137,Charlotte Martinez,15,11
138,Amelia Robinson,16,12
139,Ava Johnson,17,9
140,Emily Williams,18,10
141,Scarlett Davis,13,11
142,Zoe Jackson,14,12
143,Chloe Moore,15,9
144,Lily Thompson,16,10
145,Ella Garcia,17,11
146,Mia Hernandez,18,12
147,Layla Wilson,13,9
148,Grace Martinez,14,10
149,Victoria Taylor,15,11
150,Sofia Miller,16,12
151,Lucas Smith,17,9
152,Liam Johnson,18,10
153,Noah Davis,13,11
154,Ethan Williams,14,12
155,James Brown,15,9
156,Michael Rodriguez,16,10
157,Aiden Lee,17,11
158,Jackson Gonzalez,18,12
159,Daniel Harris,13,9
160,Benjamin Clark,14,10
161,Samuel Lewis,15,11
162,Mason Hall,16,12
163,Alexander Torres,17,9
164,Sebastian Parker,18,10
165,Oliver Cook,13,11
166,William Walker,14,12
167,Anthony Collins,15,9
168,Joseph Bell,16,10
169,Henry Rogers,17,11
170,Andrew Cox,18,12
171,Jack Reed,13,9
172,Oscar Perez,14,10
173,Isaac Phillips,15,11
174,Luke Campbell,16,12
175,Matthew Murphy,17,9
176,David Cooper,18,10
177,Dylan Richardson,13,11
178,Joseph Bailey,14,12
179,Christopher Brooks,15,9
180,Nathan Watson,16,10
181,Joshua Wood,17,11
182,Ryan Bennett,18,12
183,Caleb Turner,13,9
184,Logan Ward,14,10
185,Jacob Simmons,15,11
186,Christopher Cook,16,12
187,Matthew Coleman,17,9
188,Michael Foster,18,10
189,Jonathan Bryant,13,11
190,Benjamin Kelley,14,12
191,Joseph Medina,15,9
192,Lucas Price,16,10
193,Daniel Hoffman,17,11
194,Andrew Torres,18,12
195,Ryan Russell,13,9

